date,region,product,revenue,units
2024-01-15,North,Widget A,12000,120
2024-01-20,South,Widget A,15000,150
2024-02-10,North,Widget B,18000,90
2024-02-18,East,Widget A,11000,110
2024-03-05,West,Widget C,21000,70
2024-03-22,North,Widget A,17000,170
2024-04-11,South,Widget B,19000,95
2024-04-29,East,Widget C,13000,65
2024-05-14,North,Widget A,16000,160
2024-05-27,West,Widget B,22000,110
2024-06-09,South,Widget C,20000,100
2024-06-24,North,Widget B,25000,125
2024-07-08,East,Widget A,9000,90
2024-07-19,West,Widget C,14000,70
2024-07-30,South,Widget B,15500,78
2024-08-12,North,Widget A,18000,180
2024-08-26,East,Widget B,17000,85
2024-09-15,West,Widget A,19500,195
2024-09-28,South,Widget C,16500,83
2024-10-10,North,Widget C,23000,115